{
	"output_file": "settings.json",
		"OnlyLive": {
		"type": "checkbox",
		"value": false,
		"label": "Only when live",
		"tooltip": "Command is only active when stream is live",
		"group": "General"
	},
		"Command": {
		"type": "textbox",
		"value": "!discord",
		"label": "Command Name",
		"tooltip": "The command the bot will respond to",
		"group": "General"
	},
		"Cost": {
		"type": "numberbox",
		"label": "Cost",
		"value": 0,
		"tooltip": "Cost to use the command",
		"group": "General"
	},
		"Permission": {
		"type": "dropdown",
		"value": "Moderator",
		"items": ["Everyone","Regular","Subscriber","GameWisp Subscriber","User_Specific","Min_Rank","Min_Points","Min_Hours","Moderator","Editor","Caster"],
		"label": "Permission level",
		"tooltip": "Set the permission level for the command",
		"group": "General"
	},
		"PermissionInfo": {
		"type": "textbox",
		"value": "",
		"label": "Permission level info",
		"tooltip": "Set the user, rank or tier for permission",
		"group": "General"
	},
		"UseCD": {
		"type": "checkbox",
		"value": false,
		"label": "Use Cooldown Messages",
		"tooltip": "Enable/Disable cooldown messages",
		"group": "Cooldown"
	},
		"Cooldown": {
		"type": "numberbox",
		"label": "Cooldown (seconds)",
		"value": 0,
		"tooltip": "Cooldown in seconds.",
		"group": "Cooldown"
	},
		"InviteMessage":{
		"type": "textbox",
		"label": "Invite Message",
		"value": "",
		"tooltip": "The message will appear in front of the invite link",
		"group": "Discord"
	},
		"InviteExpiration":{
		"type": "numberbox",
		"label": "Invite Expiration (minutes) (0 for never)",
		"value": 30,
		"tooltip": "",
		"group": "Discord"
	},
		"InviteUses":{
		"type": "numberbox",
		"label": "Invite Max Uses (0 for unlimited)",
		"value": 5,
		"tooltip": "",
		"group": "Discord"
	},
		"BotToken":{
		"type": "textbox",
		"label": "Bot token",
		"value": "",
		"tooltip": "Get this from Discord Developer Portal, Applicaiton, Bot",
		"group": "Discord"
	},
		"ChannelID":{
		"type": "textbox",
		"label": "ChannelID",
		"value": "",
		"tooltip": "Get this from Discord by enabling Developer Mode",
		"group": "Discord"
	}
}